AnmManager,th07::AnmVm,th07::AnmManager
AsciiManager,th07::AsciiManager,th07::StageMenu
BombData,th07::BombData
BulletManager,th07::BulletManager
Chain,th07::Chain,th07::ChainElem
CMyFont,th07::CMyFont
Controller,th07::Controller
EclManager,th07::EclManager
EffectManager,th07::EffectManager
Ending,th07::Ending
EnemyEclInstr,th07::EnemyEclInstr
EnemyManager,th07::EnemyManager,th07::Enemy
FileAbstraction,th07::FileAbstraction
FileSystem,th07::FileSystem
GameErrorContext,th07::GameErrorContext
GameManager,th07::GameManager
GameWindow,th07::GameWindow
Gui,th07::Gui,th07::GuiImpl
IPbg4Parser,th07::IPbg4Parser
ItemManager,th07::ItemManager
MainMenu,th07::MainMenu
MidiOutput,th07::MidiDevice,th07::MidiTimer,th07::MidiOutput
MusicRoom,th07::MusicRoom
Pbg4Archive,th07::Pbg4Archive
Pbg4Parser,th07::Pbg4Parser
Player,th07::Player
ReplayManager,th07::ReplayManager
ResultScreen,th07::ResultScreen
Rng,th07::Rng
ScreenEffect,th07::ScreenEffect
SoundPlayer,th07::SoundPlayer
Stage,th07::Stage,th07::AnmManager::ExecuteAnmIdx
Supervisor,th07::Supervisor
TextHelper,th07::TextHelper
utils,th07::utils
ZunTimer,th07::ZunTimer
zwave,th07::CSound,th07::CSoundManager,th07::CStreamingSound,th07::CWaveFile
main,WinMain
